id;name;address;contact;email
1;Rubber Tasty;actuating architecture e-services;bypass;"NPqHm@0).z5-"
2;red Concrete;Generic e-business Unbranded;Diverse harness deposit;"S@QU]r.Z"
3;protocol;Towels Saint-HonorÃ©;object-oriented Shirt;"$X]w.@l(.Lm3ECe"
4;Russian;Fresh frame Loan;Refined wireless;"K@k:.-="
5;mint;overriding standardization;c;">-@zX.fqttV"
6;Soft Colombie;synthesizing d'Abbeville;c Chair;"mUk1{@hOJ.,LJ2p"
7;monitor impactful multi-byte;a Car Jewelery;b;"\W@a~d0G.2"
8;Analyste;invoice copy transmit;indexing Practical benchmark;"J9o@,.jUN.fQ"
9;best-of-breed Du neural;Account;Sleek;".u@^+c8sa.E*4b`"
10;Tuna payment;Turquie deposit hack;algorithm invoice disintermediate;"0HR||[@/$.|5"
