id;name;address;ninea;email
1;encoding Sausages ivory;Avon a;calculate calculating Frozen;"B@5.hA"
2;reboot;de panel;Savings;"{@O.<=p"
3;yellow;Car;XML;"!|>w1S@k_Aq.`-DK"
4;c dedicated;c programming;Sports;"J{of6m@BD)X.FZkY"
5;Presbourg morph;Reverse-engineered streamline;Stand-alone framework;"2,t@q\,F*.[_%"
6;Bedfordshire well-modulated;mint IB JSON;hack service-desk;"t@wv$u.Uc7AA"
7;Kids Movies Keyboard;website bypass Chips;Account Designer strategize;"6[@Ol.z"
8;expedite;Brazilian neural;auxiliary Fresh SMS;"45i|@>.Wl!o"
9;b ivory;Metal de hacking;focus Granite;"gkne@Ns/w<.[H/y"
10;deposit;dynamic;des Superviseur Berkshire;"lHl^=@j.%$!\A"
